{"cameraMode":{"drawMode":2,"name":"Shaded Wireframe","section":"Shading Mode"},"sceneLighting":true,"audioPlay":false,"sceneViewState":{"showFog":true,"showMaterialUpdate":false,"showSkybox":true,"showFlares":true,"showImageEffects":true,"showParticleSystems":true},"in2DMode":false,"pivot":{"x":3.5899999141693117,"y":2.5799999237060549,"z":-2.1500000953674318},"rotation":{"x":-0.18196392059326173,"y":-0.05837399512529373,"z":0.010822083801031113,"w":-0.9815144538879395},"size":18.067028045654298,"orthographic":false}