{"cameraMode":{"drawMode":2,"name":"Shaded Wireframe","section":"Shading Mode"},"sceneLighting":true,"audioPlay":false,"sceneViewState":{"showFog":true,"showMaterialUpdate":false,"showSkybox":true,"showFlares":true,"showImageEffects":true,"showParticleSystems":true},"in2DMode":false,"pivot":{"x":450.760498046875,"y":332.46429443359377,"z":135.91244506835938},"rotation":{"x":-0.07223208248615265,"y":0.020042788237333299,"z":-0.0014516857918351889,"w":-0.9971891045570374},"size":844.1087646484375,"orthographic":false}