{"cameraMode":{"drawMode":2,"name":"Shaded Wireframe","section":"Shading Mode"},"sceneLighting":false,"audioPlay":false,"sceneViewState":{"showFog":true,"showMaterialUpdate":false,"showSkybox":false,"showFlares":true,"showImageEffects":true,"showParticleSystems":true},"in2DMode":false,"pivot":{"x":6.787384510040283,"y":0.3612065315246582,"z":0.0},"rotation":{"x":-0.07223208248615265,"y":0.020042788237333299,"z":-0.0014516857918351889,"w":-0.9971891045570374},"size":44.919185638427737,"orthographic":false}